ticket_id,created_at,customer_name,customer_email,order_id,product_name,product_category,channel,days_since_delivery,customer_message,true_category
50001,08-04-2026 13:41,Donald Walker,rhodespatricia@example.org,356787,Samsung Galaxy S24,Electronics,phone,2,Package shows delivered 3 days ago but I never got it. Order was a Samsung Galaxy S24. Please help,delivery_issues
50002,25-05-2026 02:12,Allen Robinson,hoffmanjennifer@example.net,719176,Sony WH-1000XM5,Electronics,social_media,0,Package shows delivered 3 days ago but I never got it. Order was a Sony WH-1000XM5. Please help,delivery_issues
50003,20-05-2026 16:04,Jerry Ramirez,blakeerik@example.com,343962,iPhone 15 Pro,Electronics,email,0,its been 5 days and my iPhone 15 Pro still hasnt shown up. the tracking hasnt updated in a week. what is going on??,delivery_issues
50004,30-04-2026 19:06,Daniel Gallagher,daviscolin@example.com,539898,Dyson V15 Vacuum,Home & Kitchen,phone,5,got someone elses order instead of my Dyson V15 Vacuum. whoever ordered this probably has mine too lol please sort this out,wrong_missing_item
50005,26-05-2026 09:02,Andrew Stevens,dudleynicholas@example.net,895667,Instant Pot Duo,Home & Kitchen,phone,0,can someone tell me the status of my Instant Pot Duo order? the tracking link doesnt work at all,order_management
50006,26-04-2026 05:25,Lisa Hensley,janetwilliams@example.org,325772,Adidas Ultraboost 22,Apparel,chat,9,battery on my Adidas Ultraboost 22 drains in like 2 hours. thats not normal. previous one lasted all day,product_quality
50007,25-04-2026 20:35,Dr. Sharon James,xreid@example.org,476417,Samsung Galaxy S24,Electronics,chat,0,"delivery was supposed to come yesterday and nothing. no update, no call. i need my Samsung Galaxy S24 asap",delivery_issues
50008,03-05-2026 16:50,Michael Miles,lynchgeorge@example.net,662275,Nike Air Max 270,Apparel,email,3,Package shows delivered 3 days ago but I never got it. Order was a Nike Air Max 270. Please help,delivery_issues
50009,21-04-2026 12:42,James Mayo,gabriellecameron@example.org,969693,Adidas Ultraboost 22,Apparel,chat,2,the courier just left my Adidas Ultraboost 22 with a neighbor without even telling me. i had to go hunt it down.,delivery_issues
50010,19-04-2026 23:59,Renee Morales,clarksherri@example.net,910620,Apple AirPods Pro,Electronics,chat,0,its been 5 days and my Apple AirPods Pro still hasnt shown up. the tracking hasnt updated in a week. what is going on??,delivery_issues
50011,28-04-2026 07:30,Jonathan Wilkerson,ithomas@example.org,391476,Samsung Galaxy S24,Electronics,social_media,7,i ordered a Samsung Galaxy S24 but got something completely different in the box. this is unacceptable,wrong_missing_item
50012,22-05-2026 06:20,Nicole Patterson,icox@example.net,319684,Levi's 511 Jeans,Apparel,chat,6,received the wrong color Levi's 511 Jeans. i clearly selected the black one and got white. need this fixed,wrong_missing_item
50013,15-05-2026 16:14,Anthony Rodriguez,laurahenderson@example.org,660086,Samsung Galaxy S24,Electronics,phone,10,i want to return my Samsung Galaxy S24. its within the return window but i cant find the return label anywhere,order_management
50014,05-05-2026 02:50,Zachary Rice,frazierdanny@example.net,771088,Sony WH-1000XM5,Electronics,phone,5,got an unexpected charge on my card after my Sony WH-1000XM5 order. nobody told me about extra fees,payment_billing
50015,23-04-2026 16:00,Gina Carter,shawnmckay@example.net,944151,Levi's 511 Jeans,Apparel,chat,0,My package was marked delivered but there's nothing at my door. I ordered a Levi's 511 Jeans and paid good money for it.,delivery_issues
50016,23-04-2026 08:00,Pamela Romero,harrellkenneth@example.net,694731,Adidas Ultraboost 22,Apparel,chat,9,my Adidas Ultraboost 22 stopped working after just 2 weeks. i barely used it. this quality is terrible,product_quality
50017,17-05-2026 01:12,Brittany Farmer,georgetracy@example.org,581141,Apple AirPods Pro,Electronics,phone,11,got an unexpected charge on my card after my Apple AirPods Pro order. nobody told me about extra fees,payment_billing
50018,03-05-2026 00:04,Sandra Parker,allenashley@example.org,688637,Nike Air Max 270,Apparel,chat,6,one item missing from my order. i specifically ordered a Nike Air Max 270 and it wasnt in the package at all.,wrong_missing_item
50019,06-04-2026 01:51,Rose Spence,davidalvarez@example.net,329974,Adidas Ultraboost 22,Apparel,phone,0,i accidentally ordered the wrong size. can i exchange my Adidas Ultraboost 22 before it ships?,order_management
50020,13-04-2026 19:02,Shane Henderson,sarahcampos@example.net,149405,Dyson V15 Vacuum,Home & Kitchen,email,24,i was charged twice for my order. my bank shows two transactions for my Dyson V15 Vacuum purchase. please refund one,payment_billing
50021,17-04-2026 06:58,Jennifer Powers,samuel87@example.org,725380,Sony WH-1000XM5,Electronics,email,4,got someone elses order instead of my Sony WH-1000XM5. whoever ordered this probably has mine too lol please sort this out,wrong_missing_item
50022,21-04-2026 19:55,George Chapman,briannasmith@example.net,654816,Adidas Ultraboost 22,Apparel,chat,3,my discount code didnt apply at checkout. i was supposed to get 20% off my Adidas Ultraboost 22 but paid full price,payment_billing
50023,03-04-2026 11:26,Taylor Heath,palmerjoshua@example.com,814825,Dyson V15 Vacuum,Home & Kitchen,chat,0,Package shows delivered 3 days ago but I never got it. Order was a Dyson V15 Vacuum. Please help,delivery_issues
50024,18-04-2026 13:28,Miranda Khan,esanchez@example.com,265840,Levi's 511 Jeans,Apparel,social_media,3,driver left my Levi's 511 Jeans outside in the rain. box is completely soaked. not happy at all.,delivery_issues
50025,16-04-2026 05:57,Matthew Gomez,uowens@example.org,632342,iPhone 15 Pro,Electronics,email,8,my iPhone 15 Pro makes a weird noise every time i use it. sounds like something is loose inside,product_quality
50026,07-04-2026 07:35,Nicholas Mcbride,wrightjames@example.com,260263,Nike Air Max 270,Apparel,chat,0,my order confirmation email never came through. did my Nike Air Max 270 order even go through?,order_management
50027,11-04-2026 08:54,Donald Wright,ramosmichelle@example.net,100599,Sony WH-1000XM5,Electronics,chat,23,how long does it take to process a return? sent back my Sony WH-1000XM5 a week ago and nothing,order_management
50028,07-04-2026 06:24,Zachary Huff,housemelinda@example.org,972064,Instant Pot Duo,Home & Kitchen,chat,0,its been 5 days and my Instant Pot Duo still hasnt shown up. the tracking hasnt updated in a week. what is going on??,delivery_issues
50029,07-05-2026 05:16,Mr. James Brown,ysmith@example.com,182582,Apple AirPods Pro,Electronics,email,2,My package was marked delivered but there's nothing at my door. I ordered a Apple AirPods Pro and paid good money for it.,delivery_issues
50030,11-05-2026 22:30,Michael Cross,smoore@example.org,234628,Instant Pot Duo,Home & Kitchen,social_media,0,my Instant Pot Duo was supposed to arrive by monday. its friday now and still nothing. very disappointed,delivery_issues
50031,03-04-2026 10:32,Kimberly Adkins,williamsthomas@example.net,736059,Dyson V15 Vacuum,Home & Kitchen,social_media,9,received the wrong color Dyson V15 Vacuum. i clearly selected the black one and got white. need this fixed,wrong_missing_item
50032,13-04-2026 01:06,Jordan York,larsonemma@example.org,823378,Apple AirPods Pro,Electronics,phone,30,how long does it take to process a return? sent back my Apple AirPods Pro a week ago and nothing,order_management
50033,06-05-2026 23:07,Steve Sanchez,harveyrobert@example.net,559381,Nike Air Max 270,Apparel,social_media,0,i cancelled my order but got charged anyway. never even received the Nike Air Max 270. need full refund NOW,payment_billing
50034,22-05-2026 15:20,Taylor Harris,john62@example.net,454508,Samsung Galaxy S24,Electronics,email,1,one item missing from my order. i specifically ordered a Samsung Galaxy S24 and it wasnt in the package at all.,wrong_missing_item
50035,26-04-2026 21:18,Timothy Walls,ellisyolanda@example.org,107540,Dyson V15 Vacuum,Home & Kitchen,email,2,You sent me a used Dyson V15 Vacuum. The box was opened and there were scratches on it. I ordered brand new.,wrong_missing_item
50036,04-04-2026 20:58,Katie Anderson,nicole35@example.com,446479,iPhone 15 Pro,Electronics,email,1,i ordered a iPhone 15 Pro but got something completely different in the box. this is unacceptable,wrong_missing_item
50037,13-04-2026 01:50,Joshua Turner,contrerasangela@example.net,608993,Dyson V15 Vacuum,Home & Kitchen,phone,11,received the wrong color Dyson V15 Vacuum. i clearly selected the black one and got white. need this fixed,wrong_missing_item
50038,07-04-2026 19:38,Brandy Wilson,newtoneric@example.com,704201,Dyson V15 Vacuum,Home & Kitchen,social_media,5,got someone elses order instead of my Dyson V15 Vacuum. whoever ordered this probably has mine too lol please sort this out,wrong_missing_item
50039,26-05-2026 11:37,Grant Watts,william40@example.org,299659,Apple AirPods Pro,Electronics,email,6,"invoice shows different amount than what i was quoted. Apple AirPods Pro was listed at one price, charged another",payment_billing
50040,08-05-2026 21:15,Amanda Cook,danagreen@example.net,531071,Samsung Galaxy S24,Electronics,social_media,16,you charged me for express shipping but my Samsung Galaxy S24 came standard delivery. want a refund on the difference,payment_billing
50041,10-05-2026 15:48,Jessica Smith,landryhannah@example.org,863587,iPhone 15 Pro,Electronics,chat,0,its been 5 days and my iPhone 15 Pro still hasnt shown up. the tracking hasnt updated in a week. what is going on??,delivery_issues
50042,20-05-2026 17:34,Jacob Tran,tanderson@example.com,662336,Samsung Galaxy S24,Electronics,social_media,2,one item missing from my order. i specifically ordered a Samsung Galaxy S24 and it wasnt in the package at all.,wrong_missing_item
50043,01-04-2026 15:13,Christine Wright,gomezanita@example.com,585100,Sony WH-1000XM5,Electronics,phone,18,still waiting on my refund for the Sony WH-1000XM5 i returned 2 weeks ago. where is my money?,payment_billing
50044,12-04-2026 18:23,Cynthia Martin,nicolejohnson@example.net,202664,Samsung Galaxy S24,Electronics,email,8,"invoice shows different amount than what i was quoted. Samsung Galaxy S24 was listed at one price, charged another",payment_billing
50045,30-04-2026 00:18,Jennifer Santiago,josephcobb@example.org,274389,Dyson V15 Vacuum,Home & Kitchen,social_media,0,its been 5 days and my Dyson V15 Vacuum still hasnt shown up. the tracking hasnt updated in a week. what is going on??,delivery_issues
50046,04-05-2026 21:39,Shannon Walker,ybailey@example.org,161483,Instant Pot Duo,Home & Kitchen,phone,22,still waiting on my refund for the Instant Pot Duo i returned 2 weeks ago. where is my money?,payment_billing
50047,19-04-2026 09:42,Corey Murphy,rasmussenjoshua@example.net,922157,Adidas Ultraboost 22,Apparel,social_media,1,"delivery was supposed to come yesterday and nothing. no update, no call. i need my Adidas Ultraboost 22 asap",delivery_issues
50048,17-05-2026 05:15,William Herrera,wilsontara@example.org,262316,Nike Air Max 270,Apparel,phone,0,i cancelled my order but got charged anyway. never even received the Nike Air Max 270. need full refund NOW,payment_billing
50049,24-05-2026 03:08,Deborah Rodriguez,yreed@example.com,871476,Nike Air Max 270,Apparel,email,10,i ordered a Nike Air Max 270 but got something completely different in the box. this is unacceptable,wrong_missing_item
50050,10-05-2026 03:08,Kayla Cruz,jonathanfletcher@example.org,627276,Levi's 511 Jeans,Apparel,phone,0,its been 5 days and my Levi's 511 Jeans still hasnt shown up. the tracking hasnt updated in a week. what is going on??,delivery_issues
50051,18-05-2026 05:45,Kimberly Ball,michaeljones@example.net,171849,iPhone 15 Pro,Electronics,email,0,i need to change the shipping address for my iPhone 15 Pro order. it hasnt shipped yet so please update it,order_management
50052,29-04-2026 19:41,Mary Martinez,william65@example.com,697347,Apple AirPods Pro,Electronics,phone,30,i was charged twice for my order. my bank shows two transactions for my Apple AirPods Pro purchase. please refund one,payment_billing
50053,26-04-2026 11:11,Cheryl Ortega,lbyrd@example.net,789305,iPhone 15 Pro,Electronics,chat,0,i need to change the shipping address for my iPhone 15 Pro order. it hasnt shipped yet so please update it,order_management
50054,23-05-2026 00:22,Joshua Smith,jason99@example.net,350280,Nike Air Max 270,Apparel,chat,3,got someone elses order instead of my Nike Air Max 270. whoever ordered this probably has mine too lol please sort this out,wrong_missing_item
50055,29-04-2026 01:09,Jeremy Lewis,yleon@example.net,579434,Adidas Ultraboost 22,Apparel,chat,3,got someone elses order instead of my Adidas Ultraboost 22. whoever ordered this probably has mine too lol please sort this out,wrong_missing_item
50056,14-04-2026 05:40,Diane Beck,clarence34@example.org,176819,Samsung Galaxy S24,Electronics,phone,0,"delivery was supposed to come yesterday and nothing. no update, no call. i need my Samsung Galaxy S24 asap",delivery_issues
50057,17-04-2026 02:16,Angel Riggs,gibsonolivia@example.net,172132,Dyson V15 Vacuum,Home & Kitchen,phone,6,the Dyson V15 Vacuum I received is clearly defective. screen has dead pixels right out of the box.,product_quality
50058,16-04-2026 15:19,Janet Ross,dianasmith@example.org,974244,Levi's 511 Jeans,Apparel,chat,8,the Levi's 511 Jeans I received is clearly defective. screen has dead pixels right out of the box.,product_quality
50059,09-05-2026 00:55,Robert Dominguez,pwilliams@example.org,795613,Dyson V15 Vacuum,Home & Kitchen,email,2,Package shows delivered 3 days ago but I never got it. Order was a Dyson V15 Vacuum. Please help,delivery_issues
50060,12-05-2026 01:53,John Schmidt,stephanie79@example.net,878480,Sony WH-1000XM5,Electronics,phone,6,my Sony WH-1000XM5 stopped working after just 2 weeks. i barely used it. this quality is terrible,product_quality
50061,16-05-2026 18:28,Terry Griffin,juliawells@example.com,852470,Nike Air Max 270,Apparel,chat,9,my Nike Air Max 270 makes a weird noise every time i use it. sounds like something is loose inside,product_quality
50062,21-04-2026 18:22,Destiny Strickland,rsims@example.com,363319,Apple AirPods Pro,Electronics,email,18,my Apple AirPods Pro makes a weird noise every time i use it. sounds like something is loose inside,product_quality
50063,05-04-2026 06:48,Cynthia Rogers,taylorjesse@example.net,146228,Samsung Galaxy S24,Electronics,email,4,"invoice shows different amount than what i was quoted. Samsung Galaxy S24 was listed at one price, charged another",payment_billing
50064,12-04-2026 14:19,Amy Russell,nperry@example.com,269430,Levi's 511 Jeans,Apparel,social_media,3,got someone elses order instead of my Levi's 511 Jeans. whoever ordered this probably has mine too lol please sort this out,wrong_missing_item
50065,05-05-2026 13:48,Lauren Dominguez,wwoods@example.com,217308,Dyson V15 Vacuum,Home & Kitchen,email,0,my discount code didnt apply at checkout. i was supposed to get 20% off my Dyson V15 Vacuum but paid full price,payment_billing
50066,05-05-2026 14:59,Tiffany Barnes,tracynelson@example.com,710805,Sony WH-1000XM5,Electronics,phone,0,i need to change the shipping address for my Sony WH-1000XM5 order. it hasnt shipped yet so please update it,order_management
50067,31-03-2026 13:53,Michael Yates,marycalhoun@example.net,482364,Adidas Ultraboost 22,Apparel,email,5,i ordered a Adidas Ultraboost 22 but got something completely different in the box. this is unacceptable,wrong_missing_item
50068,19-05-2026 14:51,James Elliott,millerroy@example.com,799330,Levi's 511 Jeans,Apparel,email,2,got someone elses order instead of my Levi's 511 Jeans. whoever ordered this probably has mine too lol please sort this out,wrong_missing_item
50069,15-04-2026 09:43,James Lewis,matthew64@example.com,750810,Levi's 511 Jeans,Apparel,phone,20,how long does it take to process a return? sent back my Levi's 511 Jeans a week ago and nothing,order_management
50070,22-04-2026 06:05,Julie Curry,cookemichael@example.net,125990,Apple AirPods Pro,Electronics,phone,4,one item missing from my order. i specifically ordered a Apple AirPods Pro and it wasnt in the package at all.,wrong_missing_item
50071,04-04-2026 10:09,Marissa Webster,jamessmith@example.org,870763,Levi's 511 Jeans,Apparel,phone,10,"invoice shows different amount than what i was quoted. Levi's 511 Jeans was listed at one price, charged another",payment_billing
50072,20-04-2026 22:06,Michael Elliott,stevenscott@example.com,501124,Nike Air Max 270,Apparel,email,1,got someone elses order instead of my Nike Air Max 270. whoever ordered this probably has mine too lol please sort this out,wrong_missing_item
50073,14-04-2026 01:14,Tracey Higgins,tamirodriguez@example.org,582662,Instant Pot Duo,Home & Kitchen,chat,7,one item missing from my order. i specifically ordered a Instant Pot Duo and it wasnt in the package at all.,wrong_missing_item
50074,28-04-2026 01:10,Susan Brooks,charlesvaughn@example.net,792094,Nike Air Max 270,Apparel,phone,1,one item missing from my order. i specifically ordered a Nike Air Max 270 and it wasnt in the package at all.,wrong_missing_item
50075,21-04-2026 08:08,Raymond Jefferson,hoganashlee@example.org,910891,Adidas Ultraboost 22,Apparel,chat,7,battery on my Adidas Ultraboost 22 drains in like 2 hours. thats not normal. previous one lasted all day,product_quality
50076,01-05-2026 11:18,Mary Jones,alexander67@example.org,128941,Levi's 511 Jeans,Apparel,email,0,i accidentally ordered the wrong size. can i exchange my Levi's 511 Jeans before it ships?,order_management
50077,09-05-2026 20:26,Madison Poole,ryangross@example.net,140115,Nike Air Max 270,Apparel,email,3,You sent me a used Nike Air Max 270. The box was opened and there were scratches on it. I ordered brand new.,wrong_missing_item
50078,23-04-2026 23:36,Tamara Hampton,ugraham@example.net,428914,Adidas Ultraboost 22,Apparel,social_media,13,the Adidas Ultraboost 22 looks nothing like the photos on the website. quality is really cheap and flimsy,product_quality
50079,23-04-2026 19:40,David Michael,nicole37@example.net,367095,Dyson V15 Vacuum,Home & Kitchen,email,0,"delivery was supposed to come yesterday and nothing. no update, no call. i need my Dyson V15 Vacuum asap",delivery_issues
50080,27-05-2026 00:26,Gabrielle Snyder,hunter35@example.com,820221,Adidas Ultraboost 22,Apparel,phone,4,the courier just left my Adidas Ultraboost 22 with a neighbor without even telling me. i had to go hunt it down.,delivery_issues
50081,30-04-2026 19:18,Kyle Beard,blackjames@example.org,796503,Levi's 511 Jeans,Apparel,chat,30,i was charged twice for my order. my bank shows two transactions for my Levi's 511 Jeans purchase. please refund one,payment_billing
50082,07-05-2026 05:18,Peter Vaughn DDS,bwest@example.org,631756,Levi's 511 Jeans,Apparel,chat,2,Package shows delivered 3 days ago but I never got it. Order was a Levi's 511 Jeans. Please help,delivery_issues
50083,26-04-2026 07:52,Michael Torres,thomas85@example.com,681343,Adidas Ultraboost 22,Apparel,phone,3,there's a crack in my Adidas Ultraboost 22 and i definitely didnt drop it. must have been damaged before shipping,product_quality
50084,21-05-2026 04:45,Michael Nelson,jerry35@example.org,810219,Apple AirPods Pro,Electronics,phone,0,i cancelled my order but got charged anyway. never even received the Apple AirPods Pro. need full refund NOW,payment_billing
50085,19-05-2026 18:55,Melissa Lee,lhill@example.net,418635,Nike Air Max 270,Apparel,chat,0,my discount code didnt apply at checkout. i was supposed to get 20% off my Nike Air Max 270 but paid full price,payment_billing
50086,25-05-2026 16:53,Brian Lee,michaelturner@example.net,736130,Apple AirPods Pro,Electronics,chat,9,"invoice shows different amount than what i was quoted. Apple AirPods Pro was listed at one price, charged another",payment_billing
50087,19-05-2026 14:53,Angel Brown,heidi27@example.org,324082,Instant Pot Duo,Home & Kitchen,social_media,11,got an unexpected charge on my card after my Instant Pot Duo order. nobody told me about extra fees,payment_billing
50088,29-03-2026 22:50,Julie Alexander,tammyking@example.com,197923,Sony WH-1000XM5,Electronics,phone,2,driver left my Sony WH-1000XM5 outside in the rain. box is completely soaked. not happy at all.,delivery_issues
50089,08-04-2026 20:06,Jennifer Jones,hernandezlisa@example.com,125611,Nike Air Max 270,Apparel,email,2,one item missing from my order. i specifically ordered a Nike Air Max 270 and it wasnt in the package at all.,wrong_missing_item
50090,06-04-2026 00:44,Bailey Duran DDS,kimberlyjames@example.com,577538,Apple AirPods Pro,Electronics,social_media,0,my discount code didnt apply at checkout. i was supposed to get 20% off my Apple AirPods Pro but paid full price,payment_billing
50091,26-04-2026 15:08,Wanda Torres,lynchjody@example.org,355836,Apple AirPods Pro,Electronics,phone,7,got an unexpected charge on my card after my Apple AirPods Pro order. nobody told me about extra fees,payment_billing
50092,18-04-2026 05:59,Brad Allen,moorericky@example.net,329471,iPhone 15 Pro,Electronics,phone,0,my iPhone 15 Pro was supposed to arrive by monday. its friday now and still nothing. very disappointed,delivery_issues
50093,25-05-2026 09:56,Andrew Roberts,jacqueline71@example.net,361303,Dyson V15 Vacuum,Home & Kitchen,email,17,i was charged twice for my order. my bank shows two transactions for my Dyson V15 Vacuum purchase. please refund one,payment_billing
50094,20-04-2026 10:10,Rachel Weber,ronaldstephens@example.net,686075,Instant Pot Duo,Home & Kitchen,chat,9,my Instant Pot Duo came with no accessories inside. manual says there should be a charger but box was empty,wrong_missing_item
50095,12-04-2026 05:26,Samantha Jones,lauralarson@example.net,629298,Instant Pot Duo,Home & Kitchen,social_media,30,how long does it take to process a return? sent back my Instant Pot Duo a week ago and nothing,order_management
50096,25-04-2026 18:46,John Torres,gbender@example.net,571932,Dyson V15 Vacuum,Home & Kitchen,chat,25,still waiting on my refund for the Dyson V15 Vacuum i returned 2 weeks ago. where is my money?,payment_billing
50097,15-05-2026 16:53,Kyle Preston,cassandra01@example.org,757193,Apple AirPods Pro,Electronics,phone,30,i've had my Apple AirPods Pro for 3 weeks and it's already falling apart. really poor build quality,product_quality
50098,23-05-2026 14:34,Alicia Hubbard,barbara27@example.net,399607,Nike Air Max 270,Apparel,phone,22,i was charged twice for my order. my bank shows two transactions for my Nike Air Max 270 purchase. please refund one,payment_billing
50099,10-05-2026 16:43,Catherine Richards,ecosta@example.com,184491,Nike Air Max 270,Apparel,phone,22,battery on my Nike Air Max 270 drains in like 2 hours. thats not normal. previous one lasted all day,product_quality
50100,07-05-2026 09:47,Michael Hodge,robert74@example.net,840734,Sony WH-1000XM5,Electronics,phone,3,my Sony WH-1000XM5 came with no accessories inside. manual says there should be a charger but box was empty,wrong_missing_item
50101,06-05-2026 15:23,Krista Gibson,johnny16@example.net,668969,Samsung Galaxy S24,Electronics,social_media,6,got an unexpected charge on my card after my Samsung Galaxy S24 order. nobody told me about extra fees,payment_billing
50102,28-03-2026 20:56,Kimberly Gutierrez,aprildean@example.com,508396,Adidas Ultraboost 22,Apparel,email,1,My package was marked delivered but there's nothing at my door. I ordered a Adidas Ultraboost 22 and paid good money for it.,delivery_issues
50103,10-05-2026 16:17,Christina Dunn,samuel71@example.org,468845,Adidas Ultraboost 22,Apparel,chat,30,i was charged twice for my order. my bank shows two transactions for my Adidas Ultraboost 22 purchase. please refund one,payment_billing
50104,26-05-2026 21:02,Michelle Collins,tranchristopher@example.org,870319,Adidas Ultraboost 22,Apparel,phone,5,my discount code didnt apply at checkout. i was supposed to get 20% off my Adidas Ultraboost 22 but paid full price,payment_billing
50105,12-05-2026 13:30,Maria Moore,william46@example.com,609232,Instant Pot Duo,Home & Kitchen,email,7,received the wrong color Instant Pot Duo. i clearly selected the black one and got white. need this fixed,wrong_missing_item
50106,13-05-2026 14:36,Juan Reyes,michellehill@example.com,936912,Adidas Ultraboost 22,Apparel,social_media,11,the Adidas Ultraboost 22 looks nothing like the photos on the website. quality is really cheap and flimsy,product_quality
50107,30-04-2026 18:13,Katie Hoover,jessica99@example.net,660069,Sony WH-1000XM5,Electronics,email,29,still waiting on my refund for the Sony WH-1000XM5 i returned 2 weeks ago. where is my money?,payment_billing
50108,15-05-2026 07:12,Jill Washington,andrea86@example.com,188025,Adidas Ultraboost 22,Apparel,social_media,0,my order confirmation email never came through. did my Adidas Ultraboost 22 order even go through?,order_management
50109,29-04-2026 00:03,Veronica Allen,xhall@example.com,372793,Sony WH-1000XM5,Electronics,social_media,11,still waiting on my refund for the Sony WH-1000XM5 i returned 2 weeks ago. where is my money?,payment_billing
50110,01-04-2026 23:58,John Mcintyre,qhughes@example.net,453894,Levi's 511 Jeans,Apparel,social_media,6,my Levi's 511 Jeans came with no accessories inside. manual says there should be a charger but box was empty,wrong_missing_item
50111,12-04-2026 12:41,Andrew Shaw MD,sawyerscott@example.net,593152,Nike Air Max 270,Apparel,email,5,you charged me for express shipping but my Nike Air Max 270 came standard delivery. want a refund on the difference,payment_billing
50112,12-05-2026 02:58,Charles Pitts,charlesharrington@example.com,781725,Dyson V15 Vacuum,Home & Kitchen,email,1,driver left my Dyson V15 Vacuum outside in the rain. box is completely soaked. not happy at all.,delivery_issues
50113,30-04-2026 15:10,Jennifer Miller,melissa86@example.com,979995,iPhone 15 Pro,Electronics,email,0,My package was marked delivered but there's nothing at my door. I ordered a iPhone 15 Pro and paid good money for it.,delivery_issues
50114,15-05-2026 03:15,Amanda Jones,wendy16@example.org,801978,Sony WH-1000XM5,Electronics,email,4,one item missing from my order. i specifically ordered a Sony WH-1000XM5 and it wasnt in the package at all.,wrong_missing_item
50115,07-04-2026 12:27,Michael Berger,nguyenbrian@example.com,904150,Apple AirPods Pro,Electronics,chat,0,i cancelled my order but got charged anyway. never even received the Apple AirPods Pro. need full refund NOW,payment_billing
50116,04-05-2026 03:42,David Jenkins,georgemiller@example.com,915573,Sony WH-1000XM5,Electronics,phone,0,my order confirmation email never came through. did my Sony WH-1000XM5 order even go through?,order_management
50117,21-04-2026 03:26,Mr. David Little MD,nolansteven@example.com,427110,Nike Air Max 270,Apparel,social_media,0,the courier just left my Nike Air Max 270 with a neighbor without even telling me. i had to go hunt it down.,delivery_issues
50118,20-05-2026 19:55,Jeremy Reed,danielle64@example.com,824161,Adidas Ultraboost 22,Apparel,phone,10,i ordered a Adidas Ultraboost 22 but got something completely different in the box. this is unacceptable,wrong_missing_item
50119,27-04-2026 02:15,James Webb,patrickhoward@example.com,934904,Samsung Galaxy S24,Electronics,email,18,i've had my Samsung Galaxy S24 for 3 weeks and it's already falling apart. really poor build quality,product_quality
50120,26-04-2026 10:12,Ronald Foster,knightgina@example.net,172306,Levi's 511 Jeans,Apparel,chat,0,i accidentally ordered the wrong size. can i exchange my Levi's 511 Jeans before it ships?,order_management
50121,02-04-2026 12:32,Natasha Wall,kimberly39@example.com,210665,iPhone 15 Pro,Electronics,social_media,7,"invoice shows different amount than what i was quoted. iPhone 15 Pro was listed at one price, charged another",payment_billing
50122,19-04-2026 00:34,Lisa Byrd,courtneyberger@example.net,556641,Levi's 511 Jeans,Apparel,phone,0,i cancelled my order but got charged anyway. never even received the Levi's 511 Jeans. need full refund NOW,payment_billing
50123,01-04-2026 14:07,Jeremiah Riley,christopherphillips@example.net,912270,Dyson V15 Vacuum,Home & Kitchen,social_media,20,my Dyson V15 Vacuum makes a weird noise every time i use it. sounds like something is loose inside,product_quality
50124,08-05-2026 02:27,Carlos Ryan,alyssa42@example.com,381433,Instant Pot Duo,Home & Kitchen,chat,9,"invoice shows different amount than what i was quoted. Instant Pot Duo was listed at one price, charged another",payment_billing
50125,14-05-2026 13:03,Elizabeth Harrell,mcdonaldcharles@example.org,355709,Apple AirPods Pro,Electronics,social_media,3,driver left my Apple AirPods Pro outside in the rain. box is completely soaked. not happy at all.,delivery_issues
50126,06-05-2026 08:17,Regina Diaz,ismith@example.org,992288,Adidas Ultraboost 22,Apparel,chat,18,my Adidas Ultraboost 22 stopped working after just 2 weeks. i barely used it. this quality is terrible,product_quality
50127,11-05-2026 21:59,Paul Baker,xcarson@example.org,936587,Sony WH-1000XM5,Electronics,chat,21,still waiting on my refund for the Sony WH-1000XM5 i returned 2 weeks ago. where is my money?,payment_billing
50128,20-04-2026 11:06,Manuel Hahn,rose31@example.net,682789,Levi's 511 Jeans,Apparel,email,11,my Levi's 511 Jeans makes a weird noise every time i use it. sounds like something is loose inside,product_quality
50129,12-05-2026 20:05,Elizabeth Ortiz,brandonjohnson@example.com,855053,Dyson V15 Vacuum,Home & Kitchen,social_media,4,i ordered a Dyson V15 Vacuum but got something completely different in the box. this is unacceptable,wrong_missing_item
50130,09-04-2026 00:50,Stephen Taylor,vwatson@example.net,824156,Instant Pot Duo,Home & Kitchen,social_media,14,how long does it take to process a return? sent back my Instant Pot Duo a week ago and nothing,order_management
50131,20-05-2026 05:00,Patrick Moore,fpena@example.net,197573,Instant Pot Duo,Home & Kitchen,chat,0,"invoice shows different amount than what i was quoted. Instant Pot Duo was listed at one price, charged another",payment_billing
50132,07-05-2026 09:14,Diana Vaughn,scottsampson@example.com,421080,Apple AirPods Pro,Electronics,chat,0,i cancelled my order but got charged anyway. never even received the Apple AirPods Pro. need full refund NOW,payment_billing
50133,07-04-2026 09:46,Mrs. Stephanie Newman,sandersjames@example.org,546173,Instant Pot Duo,Home & Kitchen,chat,0,my order confirmation email never came through. did my Instant Pot Duo order even go through?,order_management
50134,11-05-2026 21:49,Daniel Fowler,williamsmatthew@example.org,363615,Levi's 511 Jeans,Apparel,phone,12,you charged me for express shipping but my Levi's 511 Jeans came standard delivery. want a refund on the difference,payment_billing
50135,22-05-2026 13:49,Ronald Spencer,lisahall@example.org,878967,Samsung Galaxy S24,Electronics,phone,2,received the wrong color Samsung Galaxy S24. i clearly selected the black one and got white. need this fixed,wrong_missing_item
50136,25-05-2026 15:00,Scott Thomas,amberlindsey@example.org,389930,Apple AirPods Pro,Electronics,chat,4,got someone elses order instead of my Apple AirPods Pro. whoever ordered this probably has mine too lol please sort this out,wrong_missing_item
50137,31-03-2026 06:20,Hunter Kramer,alfred40@example.org,478411,Samsung Galaxy S24,Electronics,phone,4,received the wrong color Samsung Galaxy S24. i clearly selected the black one and got white. need this fixed,wrong_missing_item
50138,08-05-2026 15:10,Nichole Alvarez,william17@example.net,387636,Nike Air Max 270,Apparel,email,1,Package shows delivered 3 days ago but I never got it. Order was a Nike Air Max 270. Please help,delivery_issues
50139,19-04-2026 06:30,Amanda Logan,stephen00@example.com,768854,iPhone 15 Pro,Electronics,social_media,2,can someone tell me the status of my iPhone 15 Pro order? the tracking link doesnt work at all,order_management
50140,06-05-2026 18:05,Brian Joseph,fjones@example.com,592198,Samsung Galaxy S24,Electronics,social_media,2,the courier just left my Samsung Galaxy S24 with a neighbor without even telling me. i had to go hunt it down.,delivery_issues
50141,26-05-2026 19:41,Cameron Weber,oscar98@example.com,364742,Instant Pot Duo,Home & Kitchen,social_media,1,the Instant Pot Duo I received is clearly defective. screen has dead pixels right out of the box.,product_quality
50142,11-05-2026 19:29,Jessica Mcguire,farrelldebra@example.net,177680,Samsung Galaxy S24,Electronics,email,1,"delivery was supposed to come yesterday and nothing. no update, no call. i need my Samsung Galaxy S24 asap",delivery_issues
50143,18-04-2026 15:18,Stephen Gutierrez,uross@example.org,189318,Sony WH-1000XM5,Electronics,phone,3,You sent me a used Sony WH-1000XM5. The box was opened and there were scratches on it. I ordered brand new.,wrong_missing_item
50144,28-04-2026 02:33,Maurice Brooks,gloriawells@example.org,735770,Samsung Galaxy S24,Electronics,phone,20,how long does it take to process a return? sent back my Samsung Galaxy S24 a week ago and nothing,order_management
50145,06-04-2026 01:10,Brent Rodgers,angelawillis@example.net,411797,Dyson V15 Vacuum,Home & Kitchen,social_media,8,got an unexpected charge on my card after my Dyson V15 Vacuum order. nobody told me about extra fees,payment_billing
50146,22-05-2026 07:04,Bryan Gomez,uparrish@example.org,739244,Nike Air Max 270,Apparel,email,0,my order confirmation email never came through. did my Nike Air Max 270 order even go through?,order_management
50147,25-04-2026 16:29,Heather Lane,ericolson@example.org,185131,Apple AirPods Pro,Electronics,phone,11,received the wrong color Apple AirPods Pro. i clearly selected the black one and got white. need this fixed,wrong_missing_item
50148,01-05-2026 18:05,Holly Farmer,lindsaybruce@example.net,264136,Apple AirPods Pro,Electronics,email,1,You sent me a used Apple AirPods Pro. The box was opened and there were scratches on it. I ordered brand new.,wrong_missing_item
50149,27-05-2026 07:59,Kristin Lynch,anthony44@example.com,405407,Adidas Ultraboost 22,Apparel,email,0,i cancelled my order but got charged anyway. never even received the Adidas Ultraboost 22. need full refund NOW,payment_billing
50150,01-05-2026 20:12,Sergio Knight,vjones@example.net,837135,Apple AirPods Pro,Electronics,social_media,5,the Apple AirPods Pro looks nothing like the photos on the website. quality is really cheap and flimsy,product_quality
50151,31-03-2026 17:41,Joseph Bennett,xpeterson@example.com,929683,Samsung Galaxy S24,Electronics,phone,13,received the wrong color Samsung Galaxy S24. i clearly selected the black one and got white. need this fixed,wrong_missing_item
50152,29-04-2026 06:07,Latoya Miller,moorekaren@example.org,779094,Adidas Ultraboost 22,Apparel,phone,1,the courier just left my Adidas Ultraboost 22 with a neighbor without even telling me. i had to go hunt it down.,delivery_issues
50153,05-04-2026 16:21,Matthew Tucker,nperry@example.net,273982,Nike Air Max 270,Apparel,chat,1,i ordered a Nike Air Max 270 but got something completely different in the box. this is unacceptable,wrong_missing_item
50154,08-04-2026 19:28,Brian Gregory,trose@example.org,822131,Nike Air Max 270,Apparel,chat,14,i was charged twice for my order. my bank shows two transactions for my Nike Air Max 270 purchase. please refund one,payment_billing
50155,19-04-2026 04:06,Kyle Smith,sierra24@example.com,617781,Adidas Ultraboost 22,Apparel,social_media,20,my Adidas Ultraboost 22 makes a weird noise every time i use it. sounds like something is loose inside,product_quality
50156,29-04-2026 14:50,Jonathan Jordan,omarpadilla@example.net,870214,Samsung Galaxy S24,Electronics,chat,0,i need to change the shipping address for my Samsung Galaxy S24 order. it hasnt shipped yet so please update it,order_management
50157,22-05-2026 00:11,Renee Jones,grahamsteve@example.org,807053,Nike Air Max 270,Apparel,email,0,its been 5 days and my Nike Air Max 270 still hasnt shown up. the tracking hasnt updated in a week. what is going on??,delivery_issues
50158,28-04-2026 03:44,Laura Mckinney,zroberts@example.org,593355,Nike Air Max 270,Apparel,social_media,0,i need to change the shipping address for my Nike Air Max 270 order. it hasnt shipped yet so please update it,order_management
50159,29-04-2026 07:01,Travis Stevens,christopher13@example.com,765620,Nike Air Max 270,Apparel,social_media,4,You sent me a used Nike Air Max 270. The box was opened and there were scratches on it. I ordered brand new.,wrong_missing_item
50160,24-05-2026 22:25,Blake Harrell,jeffrey21@example.net,449499,Samsung Galaxy S24,Electronics,chat,16,you charged me for express shipping but my Samsung Galaxy S24 came standard delivery. want a refund on the difference,payment_billing
50161,08-04-2026 19:57,Cheyenne Parsons,jessica23@example.org,827369,Samsung Galaxy S24,Electronics,social_media,7,received the wrong color Samsung Galaxy S24. i clearly selected the black one and got white. need this fixed,wrong_missing_item
50162,11-04-2026 23:30,Christopher Hernandez,thompsonkendra@example.com,138479,Nike Air Max 270,Apparel,social_media,8,"invoice shows different amount than what i was quoted. Nike Air Max 270 was listed at one price, charged another",payment_billing
50163,12-05-2026 19:21,Olivia Cole,michelle52@example.com,221552,Samsung Galaxy S24,Electronics,social_media,15,battery on my Samsung Galaxy S24 drains in like 2 hours. thats not normal. previous one lasted all day,product_quality
50164,04-04-2026 09:22,Mark Hogan,bellcharles@example.com,533321,Dyson V15 Vacuum,Home & Kitchen,email,3,Package shows delivered 3 days ago but I never got it. Order was a Dyson V15 Vacuum. Please help,delivery_issues
50165,11-05-2026 15:17,Jacob Mitchell,gilbertwilliam@example.com,755788,Apple AirPods Pro,Electronics,social_media,7,can someone tell me the status of my Apple AirPods Pro order? the tracking link doesnt work at all,order_management
50166,24-05-2026 02:31,Rebecca Huang,kstout@example.net,237377,iPhone 15 Pro,Electronics,chat,9,received the wrong color iPhone 15 Pro. i clearly selected the black one and got white. need this fixed,wrong_missing_item
50167,16-04-2026 00:53,John Hernandez,hayeslisa@example.com,760626,Instant Pot Duo,Home & Kitchen,phone,0,i was charged twice for my order. my bank shows two transactions for my Instant Pot Duo purchase. please refund one,payment_billing
50168,05-04-2026 22:45,Carrie Wright,hritter@example.net,679077,Sony WH-1000XM5,Electronics,social_media,3,my Sony WH-1000XM5 makes a weird noise every time i use it. sounds like something is loose inside,product_quality
50169,26-05-2026 23:12,Jake Campbell,rschroeder@example.net,223172,Samsung Galaxy S24,Electronics,phone,8,i ordered a Samsung Galaxy S24 but got something completely different in the box. this is unacceptable,wrong_missing_item
50170,02-04-2026 20:17,Maria Jones,grantpaul@example.com,535673,Instant Pot Duo,Home & Kitchen,social_media,11,my Instant Pot Duo makes a weird noise every time i use it. sounds like something is loose inside,product_quality
50171,26-05-2026 06:39,Felicia Aguilar,sabrinacollins@example.net,251668,Instant Pot Duo,Home & Kitchen,social_media,9,my Instant Pot Duo came with no accessories inside. manual says there should be a charger but box was empty,wrong_missing_item
50172,05-05-2026 19:35,Michael Miller,vschneider@example.org,173201,Apple AirPods Pro,Electronics,chat,0,my order confirmation email never came through. did my Apple AirPods Pro order even go through?,order_management
50173,18-05-2026 20:50,Michael Romero,coxhenry@example.org,960408,Adidas Ultraboost 22,Apparel,email,23,i've had my Adidas Ultraboost 22 for 3 weeks and it's already falling apart. really poor build quality,product_quality
50174,30-04-2026 22:33,Katelyn Perez,ericphillips@example.org,255813,Nike Air Max 270,Apparel,social_media,30,i've had my Nike Air Max 270 for 3 weeks and it's already falling apart. really poor build quality,product_quality
50175,17-05-2026 01:15,Sandy Stephenson,stanleynancy@example.net,678727,Dyson V15 Vacuum,Home & Kitchen,social_media,13,you charged me for express shipping but my Dyson V15 Vacuum came standard delivery. want a refund on the difference,payment_billing
50176,10-04-2026 11:37,Brittany White,jenniferwilliams@example.com,831380,Instant Pot Duo,Home & Kitchen,phone,21,i've had my Instant Pot Duo for 3 weeks and it's already falling apart. really poor build quality,product_quality
50177,20-04-2026 19:44,Lisa Goodwin,pyoung@example.com,433632,Adidas Ultraboost 22,Apparel,social_media,1,my Adidas Ultraboost 22 came with no accessories inside. manual says there should be a charger but box was empty,wrong_missing_item
50178,13-05-2026 07:08,Cheyenne Gregory,smurray@example.com,619389,Adidas Ultraboost 22,Apparel,email,0,i cancelled my order but got charged anyway. never even received the Adidas Ultraboost 22. need full refund NOW,payment_billing
50179,16-05-2026 14:07,Tracy Montoya,moniquewilliams@example.com,205239,Sony WH-1000XM5,Electronics,social_media,0,my order confirmation email never came through. did my Sony WH-1000XM5 order even go through?,order_management
50180,03-05-2026 19:15,Ashley Singleton,mitchellkathryn@example.com,857537,Samsung Galaxy S24,Electronics,phone,0,i accidentally ordered the wrong size. can i exchange my Samsung Galaxy S24 before it ships?,order_management
50181,11-05-2026 09:15,Brittany Kim,lisawilkerson@example.org,919488,Adidas Ultraboost 22,Apparel,chat,8,i ordered a Adidas Ultraboost 22 but got something completely different in the box. this is unacceptable,wrong_missing_item
50182,08-05-2026 01:02,Jonathan Young,brooksanthony@example.org,781403,Levi's 511 Jeans,Apparel,email,17,i want to return my Levi's 511 Jeans. its within the return window but i cant find the return label anywhere,order_management
50183,30-04-2026 07:32,Brenda Mitchell,ihorton@example.net,757246,Levi's 511 Jeans,Apparel,social_media,0,i accidentally ordered the wrong size. can i exchange my Levi's 511 Jeans before it ships?,order_management
50184,13-05-2026 07:22,Aaron Miller,jason28@example.net,346174,Dyson V15 Vacuum,Home & Kitchen,chat,0,the courier just left my Dyson V15 Vacuum with a neighbor without even telling me. i had to go hunt it down.,delivery_issues
50185,26-05-2026 21:03,Ashley Roberts,david36@example.net,897305,Apple AirPods Pro,Electronics,email,0,"delivery was supposed to come yesterday and nothing. no update, no call. i need my Apple AirPods Pro asap",delivery_issues
50186,12-05-2026 03:24,Russell Porter,chenbailey@example.net,130353,Instant Pot Duo,Home & Kitchen,email,3,got someone elses order instead of my Instant Pot Duo. whoever ordered this probably has mine too lol please sort this out,wrong_missing_item
50187,11-04-2026 16:49,Aaron Gomez,qlopez@example.org,493049,Levi's 511 Jeans,Apparel,social_media,2,driver left my Levi's 511 Jeans outside in the rain. box is completely soaked. not happy at all.,delivery_issues
50188,18-05-2026 14:04,Andrea Fox,myerstheodore@example.net,693418,Sony WH-1000XM5,Electronics,phone,4,You sent me a used Sony WH-1000XM5. The box was opened and there were scratches on it. I ordered brand new.,wrong_missing_item
50189,05-05-2026 07:45,Mrs. Alexis Kramer,john19@example.net,501126,Sony WH-1000XM5,Electronics,phone,10,i ordered a Sony WH-1000XM5 but got something completely different in the box. this is unacceptable,wrong_missing_item
50190,30-04-2026 01:05,Harold Morgan,mariacohen@example.net,583550,Instant Pot Duo,Home & Kitchen,chat,0,tried to cancel my Instant Pot Duo order 10 minutes after placing it and the system wont let me. help please,order_management
50191,14-05-2026 05:19,Robin Brown,mjohnson@example.org,943718,Instant Pot Duo,Home & Kitchen,social_media,1,the Instant Pot Duo looks nothing like the photos on the website. quality is really cheap and flimsy,product_quality
50192,17-04-2026 03:03,Emily Collins,ihays@example.com,563187,Nike Air Max 270,Apparel,chat,0,tried to cancel my Nike Air Max 270 order 10 minutes after placing it and the system wont let me. help please,order_management
50193,22-04-2026 08:31,Matthew Mitchell,glennmartin@example.org,579027,Nike Air Max 270,Apparel,chat,0,i cancelled my order but got charged anyway. never even received the Nike Air Max 270. need full refund NOW,payment_billing
50194,03-05-2026 11:48,James Gonzales,lmorgan@example.com,211834,Apple AirPods Pro,Electronics,phone,7,"invoice shows different amount than what i was quoted. Apple AirPods Pro was listed at one price, charged another",payment_billing
50195,16-05-2026 01:34,Robert Adams,acostachristian@example.net,833247,Adidas Ultraboost 22,Apparel,chat,4,can someone tell me the status of my Adidas Ultraboost 22 order? the tracking link doesnt work at all,order_management
50196,15-04-2026 06:45,Erica Miller,kirk96@example.org,693419,iPhone 15 Pro,Electronics,email,3,you charged me for express shipping but my iPhone 15 Pro came standard delivery. want a refund on the difference,payment_billing
50197,10-05-2026 20:38,Andrew Berg,christina64@example.net,736553,Instant Pot Duo,Home & Kitchen,chat,22,i've had my Instant Pot Duo for 3 weeks and it's already falling apart. really poor build quality,product_quality
50198,03-04-2026 07:55,Mark Cox,stephaniethomas@example.net,810687,Apple AirPods Pro,Electronics,phone,3,You sent me a used Apple AirPods Pro. The box was opened and there were scratches on it. I ordered brand new.,wrong_missing_item
50199,10-05-2026 07:16,Austin Osborne,michael90@example.net,134985,Samsung Galaxy S24,Electronics,chat,3,driver left my Samsung Galaxy S24 outside in the rain. box is completely soaked. not happy at all.,delivery_issues
50200,12-04-2026 15:48,Tiffany Watson,berryalyssa@example.com,883790,Sony WH-1000XM5,Electronics,social_media,2,driver left my Sony WH-1000XM5 outside in the rain. box is completely soaked. not happy at all.,delivery_issues
